sku,currency,unit_price_cents,price_version,effective_date,price_source_type
MON-001,SGD,14900,demo-2026-09-22,2026-09-22,synthetic
MON-002,SGD,18900,demo-2026-09-22,2026-09-22,synthetic
MON-003,SGD,17900,demo-2026-09-22,2026-09-22,synthetic
MON-004,SGD,20900,demo-2026-09-22,2026-09-22,synthetic
MON-005,SGD,22900,demo-2026-09-22,2026-09-22,synthetic
MON-006,SGD,24900,demo-2026-09-22,2026-09-22,synthetic
MON-007,SGD,28900,demo-2026-09-22,2026-09-22,synthetic
MON-008,SGD,31900,demo-2026-09-22,2026-09-22,synthetic
MON-009,SGD,34900,demo-2026-09-22,2026-09-22,synthetic
MON-010,SGD,45900,demo-2026-09-22,2026-09-22,synthetic
MON-011,SGD,62900,demo-2026-09-22,2026-09-22,synthetic
MON-012,SGD,49900,demo-2026-09-22,2026-09-22,synthetic
MON-L013,SGD,109900,demo-2026-09-22,2026-09-22,synthetic
MON-L014,SGD,23900,demo-2026-09-22,2026-09-22,synthetic
MON-L015,SGD,27900,demo-2026-09-22,2026-09-22,synthetic
MON-L016,SGD,27900,demo-2026-09-22,2026-09-22,synthetic
MON-L017,SGD,23900,demo-2026-09-22,2026-09-22,synthetic
MON-L018,SGD,38900,demo-2026-09-22,2026-09-22,synthetic
MON-L019,SGD,75900,demo-2026-09-22,2026-09-22,synthetic
MON-L020,SGD,50900,demo-2026-09-22,2026-09-22,synthetic
MON-L021,SGD,35900,demo-2026-09-22,2026-09-22,synthetic
MON-L022,SGD,19900,demo-2026-09-22,2026-09-22,synthetic
MON-L023,SGD,16900,demo-2026-09-22,2026-09-22,synthetic
MON-L024,SGD,16900,demo-2026-09-22,2026-09-22,synthetic
MON-L025,SGD,16900,demo-2026-09-22,2026-09-22,synthetic
MON-L026,SGD,22900,demo-2026-09-22,2026-09-22,synthetic
MON-L027,SGD,22900,demo-2026-09-22,2026-09-22,synthetic
MON-L028,SGD,33900,demo-2026-09-22,2026-09-22,synthetic
MON-L029,SGD,22900,demo-2026-09-22,2026-09-22,synthetic
MON-L030,SGD,22900,demo-2026-09-22,2026-09-22,synthetic
MON-L031,SGD,68900,demo-2026-09-22,2026-09-22,synthetic
MON-L032,SGD,19900,demo-2026-09-22,2026-09-22,synthetic
MON-L033,SGD,35900,demo-2026-09-22,2026-09-22,synthetic
MON-L034,SGD,51900,demo-2026-09-22,2026-09-22,synthetic
MON-L035,SGD,19900,demo-2026-09-22,2026-09-22,synthetic
MON-L036,SGD,29900,demo-2026-09-22,2026-09-22,synthetic
MON-L037,SGD,33900,demo-2026-09-22,2026-09-22,synthetic
MON-L038,SGD,62900,demo-2026-09-22,2026-09-22,synthetic
MON-L039,SGD,54900,demo-2026-09-22,2026-09-22,synthetic
MON-L040,SGD,74900,demo-2026-09-22,2026-09-22,synthetic
MON-L041,SGD,50900,demo-2026-09-22,2026-09-22,synthetic
MON-L042,SGD,70900,demo-2026-09-22,2026-09-22,synthetic
MON-L043,SGD,13900,demo-2026-09-22,2026-09-22,synthetic
MON-L044,SGD,11900,demo-2026-09-22,2026-09-22,synthetic
MON-L045,SGD,19900,demo-2026-09-22,2026-09-22,synthetic
MON-L046,SGD,33900,demo-2026-09-22,2026-09-22,synthetic
MON-L047,SGD,33900,demo-2026-09-22,2026-09-22,synthetic
MON-L048,SGD,19900,demo-2026-09-22,2026-09-22,synthetic
MON-L049,SGD,22900,demo-2026-09-22,2026-09-22,synthetic
MON-L050,SGD,19900,demo-2026-09-22,2026-09-22,synthetic
