sku,model,screen_inches,resolution,max_refresh_hz,usb_c_video,usb_c_pd_watts,usb_c_downstream_charge_watts,brand,name,category,unit,aliases,video_inputs,source_id,source_url,retrieved_at,source_type,notes,dataset_version
MON-001,S2425H,23.8,1920x1080,100,false,0,0,Dell,Dell S2425H Monitor,monitor,piece,S2425H|Dell S2425H|MON-001,HDMI,DELL-S25H,https://dl.dell.com/content/manual2749111-dell-s2425h-monitor-user-s-guide.pdf?language=en-us,2026-09-14T06:01:05.725765+00:00,public_manufacturer_specification,HDMI-only video; no USB-C connector in the connectivity list.,2026-09-22
MON-002,S2725H,27,1920x1080,100,false,0,0,Dell,Dell S2725H Monitor,monitor,piece,S2725H|Dell S2725H|MON-002,HDMI,DELL-S25H,https://dl.dell.com/content/manual2749111-dell-s2425h-monitor-user-s-guide.pdf?language=en-us,2026-09-14T06:01:05.725765+00:00,public_manufacturer_specification,Use the S2725H column of the shared specifications table.,2026-09-22
MON-003,P2225H,21.5,1920x1080,100,false,0,15,Dell,Dell P2225H Monitor,monitor,piece,P2225H|Dell P2225H|MON-003,HDMI|DisplayPort|VGA,DELL-P25H,https://dl.dell.com/content/manual18231535-dell-p2425h-monitor-user-s-guide.pdf?language=en-us,2026-09-14T06:00:47.144491+00:00,public_manufacturer_specification,"USB-C is downstream charging only, not a video input. The 100 Hz maximum applies to HDMI/DP; VGA maximum is 60 Hz.",2026-09-22
MON-004,P2425H,23.81,1920x1080,100,false,0,15,Dell,Dell P2425H Monitor,monitor,piece,P2425H|Dell P2425H|MON-004,HDMI|DisplayPort|VGA,DELL-P25H,https://dl.dell.com/content/manual18231535-dell-p2425h-monitor-user-s-guide.pdf?language=en-us,2026-09-14T06:00:47.144491+00:00,public_manufacturer_specification,"USB-C is downstream charging only, not a video input. The 100 Hz maximum applies to HDMI/DP; VGA maximum is 60 Hz.",2026-09-22
MON-005,P2425,24.07,1920x1200,100,false,0,15,Dell,Dell P2425 Monitor,monitor,piece,P2425|Dell P2425|MON-005,HDMI|DisplayPort|VGA,DELL-P25H,https://dl.dell.com/content/manual18231535-dell-p2425h-monitor-user-s-guide.pdf?language=en-us,2026-09-14T06:00:47.144491+00:00,public_manufacturer_specification,16:10 model P2425 is different from P2425H and P2425E. USB-C downstream only. VGA maximum is 60 Hz.,2026-09-22
MON-006,P2725H,27,1920x1080,100,false,0,15,Dell,Dell P2725H Monitor,monitor,piece,P2725H|Dell P2725H|MON-006,HDMI|DisplayPort|VGA,DELL-P25H,https://dl.dell.com/content/manual18231535-dell-p2425h-monitor-user-s-guide.pdf?language=en-us,2026-09-14T06:00:47.144491+00:00,public_manufacturer_specification,USB-C downstream charging is not laptop video/charging upstream. VGA maximum is 60 Hz.,2026-09-22
MON-007,P2425HE,23.81,1920x1080,100,true,90,15,Dell,Dell P2425HE Monitor,monitor,piece,P2425HE|Dell P2425HE|MON-007,HDMI|DisplayPort|USB-C DP Alt Mode,DELL-P25HE,https://dl.dell.com/content/manual18972647-dell-p2725he-monitor-user-s-guide.pdf?language=en-us,2026-09-14T06:00:54.825893+00:00,public_manufacturer_specification,USB-C upstream supports video and up to 90 W PD. Host and cable must support the required mode.,2026-09-22
MON-008,P2425E,24.07,1920x1200,100,true,90,15,Dell,Dell P2425E Monitor,monitor,piece,P2425E|Dell P2425E|MON-008,HDMI|DisplayPort|USB-C DP Alt Mode,DELL-P25HE,https://dl.dell.com/content/manual18972647-dell-p2725he-monitor-user-s-guide.pdf?language=en-us,2026-09-14T06:00:54.825893+00:00,public_manufacturer_specification,"16:10 USB-C model, distinct from the FHD P2425HE. Up to 90 W host power.",2026-09-22
MON-009,P2725HE,27,1920x1080,100,true,90,15,Dell,Dell P2725HE Monitor,monitor,piece,P2725HE|Dell P2725HE|MON-009,HDMI|DisplayPort|USB-C DP Alt Mode,DELL-P25HE,https://dl.dell.com/content/manual18972647-dell-p2725he-monitor-user-s-guide.pdf?language=en-us,2026-09-14T06:00:54.825893+00:00,public_manufacturer_specification,27-inch FHD USB-C hub model; up to 90 W host power.,2026-09-22
MON-010,U2724D,27,2560x1440,120,false,0,15,Dell,Dell U2724D Monitor,monitor,piece,U2724D|Dell U2724D|MON-010,HDMI|DisplayPort,DELL-U2724D,https://dl.dell.com/content/manual17047281-dell-ultrasharp-27-monitor-u2724d-user-s-guide.pdf?language=en-us,2026-09-14T06:01:14.043358+00:00,public_manufacturer_specification,USB-C upstream is explicitly data only. The 15 W USB-C downstream port is not video input. Do not confuse with U2724DE.,2026-09-22
MON-011,U2724DE,27,2560x1440,120,true,90,15,Dell,Dell U2724DE Monitor,monitor,piece,U2724DE|Dell U2724DE|MON-011,HDMI|DisplayPort|Thunderbolt 4 / USB-C DP Alt Mode,DELL-U2724DE,https://dl.dell.com/content/manual17050394-dell-ultrasharp-27-thunderbolt-hub-monitor-u2724de-user-s-guide.pdf?language=en-us,2026-09-14T06:01:21.064538+00:00,public_manufacturer_specification,Use the Thunderbolt 4 upstream connector for video and up to 90 W PD. A separate USB-C upstream connector is data only.,2026-09-22
MON-012,S2725QC,27,3840x2160,120,true,65,15,Dell,Dell S2725QC Monitor,monitor,piece,S2725QC|Dell S2725QC|MON-012,HDMI|USB-C DP Alt Mode,DELL-S2725QC,https://dl.dell.com/content/manual22980564-dell-s-27-4k-usb-c-monitor-s2725qc-user-s-guide.pdf?language=en-us,2026-09-14T06:01:28.522457+00:00,public_manufacturer_specification,4K USB-C model with up to 65 W host PD. A 100 W rated cable does not mean the monitor provides 100 W.,2026-09-22
MON-L013,P40WD-40,39.7,5120x2160,120,true,140,15,Lenovo,Lenovo P40WD-40 Monitor,monitor,piece,P40WD-40|Lenovo P40WD-40|MON-L013,HDMI|DisplayPort|Thunderbolt / USB-C DP Alt Mode,LENOVO-P40WD-40,https://psref.lenovo.com/syspool/Sys/PDF/ThinkVision/ThinkVision_P40WD_40_Monitor/ThinkVision_P40WD_40_Monitor_Spec.PDF,2026-09-22T14:16:14.019964+00:00,public_manufacturer_specification,Official Lenovo PSREF: 39.7-inch 5120x2160 at up to 120 Hz. USB-C video input; host power delivery up to 140 W.,2026-09-22
MON-L014,L24-45,23.8,1920x1080,144,false,0,0,Lenovo,Lenovo L24-45 Monitor,monitor,piece,L24-45|Lenovo L24-45|MON-L014,HDMI|VGA,LENOVO-L24-45,https://psref.lenovo.com/syspool/Sys/PDF/Lenovo_Monitors/Lenovo_L24_45_Monitor/Lenovo_L24_45_Monitor_Spec.PDF,2026-09-22T14:16:14.019964+00:00,public_manufacturer_specification,Official Lenovo PSREF: 23.8-inch 1920x1080 at up to 144 Hz. No USB-C video input is listed.,2026-09-22
MON-L015,L27-45,27.0,1920x1080,144,false,0,0,Lenovo,Lenovo L27-45 Monitor,monitor,piece,L27-45|Lenovo L27-45|MON-L015,HDMI|VGA,LENOVO-L27-45,https://psref.lenovo.com/syspool/Sys/PDF/Lenovo_Monitors/Lenovo_L27_45_Monitor/Lenovo_L27_45_Monitor_Spec.PDF,2026-09-22T14:16:14.019964+00:00,public_manufacturer_specification,Official Lenovo PSREF: 27-inch 1920x1080 at up to 144 Hz. No USB-C video input is listed.,2026-09-22
MON-L016,L27-4C,27.0,1920x1080,144,false,0,0,Lenovo,Lenovo L27-4C Monitor,monitor,piece,L27-4C|Lenovo L27-4C|MON-L016,HDMI|VGA,LENOVO-L27-4C,https://psref.lenovo.com/syspool/Sys/PDF/Lenovo_Monitors/Lenovo_L27_4C_Monitor/Lenovo_L27_4C_Monitor_Spec.PDF,2026-09-22T14:16:14.019964+00:00,public_manufacturer_specification,Official Lenovo PSREF: 27-inch 1920x1080 at up to 144 Hz. No USB-C video input is listed.,2026-09-22
MON-L017,L24-4C,23.8,1920x1080,144,false,0,0,Lenovo,Lenovo L24-4C Monitor,monitor,piece,L24-4C|Lenovo L24-4C|MON-L017,HDMI|VGA,LENOVO-L24-4C,https://psref.lenovo.com/syspool/Sys/PDF/Lenovo_Monitors/Lenovo_L24_4C_Monitor/Lenovo_L24_4C_Monitor_Spec.PDF,2026-09-22T14:16:14.019964+00:00,public_manufacturer_specification,Official Lenovo PSREF: 23.8-inch 1920x1080 at up to 144 Hz. No USB-C video input is listed.,2026-09-22
MON-L018,L24D-4C,23.8,1920x1080,144,true,75,0,Lenovo,Lenovo L24D-4C Monitor,monitor,piece,L24D-4C|Lenovo L24D-4C|MON-L018,HDMI|DisplayPort|USB-C DP Alt Mode,LENOVO-L24D-4C,https://psref.lenovo.com/syspool/Sys/PDF/Lenovo_Monitors/Lenovo_L24D_4C_Monitor/Lenovo_L24D_4C_Monitor_Spec.PDF,2026-09-22T14:16:14.019964+00:00,public_manufacturer_specification,Official Lenovo PSREF: 23.8-inch 1920x1080 at up to 144 Hz. USB-C video input; host power delivery up to 75 W.,2026-09-22
MON-L019,P32UD-40,31.5,3840x2160,120,true,140,15,Lenovo,Lenovo P32UD-40 Monitor,monitor,piece,P32UD-40|Lenovo P32UD-40|MON-L019,HDMI|DisplayPort|Thunderbolt / USB-C DP Alt Mode,LENOVO-P32UD-40,https://psref.lenovo.com/syspool/Sys/PDF/ThinkVision/ThinkVision_P32UD_40_Monitor/ThinkVision_P32UD_40_Monitor_Spec.PDF,2026-09-22T14:16:14.019964+00:00,public_manufacturer_specification,Official Lenovo PSREF: 31.5-inch 3840x2160 at up to 120 Hz. USB-C video input; host power delivery up to 140 W.,2026-09-22
MON-L020,T27QD-4v,27.0,2560x1440,120,true,100,15,Lenovo,Lenovo T27QD-4v Monitor,monitor,piece,T27QD-4v|Lenovo T27QD-4v|MON-L020,HDMI|DisplayPort|USB-C DP Alt Mode,LENOVO-T27QD-4V,https://psref.lenovo.com/syspool/Sys/PDF/ThinkVision/ThinkVision_T27QD_4v_Monitor/ThinkVision_T27QD_4v_Monitor_Spec.PDF,2026-09-22T14:16:14.019964+00:00,public_manufacturer_specification,Official Lenovo PSREF: 27-inch 2560x1440 at up to 120 Hz. USB-C video input; host power delivery up to 100 W.,2026-09-22
MON-L021,T24D-4v,23.8,1920x1080,120,true,100,15,Lenovo,Lenovo T24D-4v Monitor,monitor,piece,T24D-4v|Lenovo T24D-4v|MON-L021,HDMI|DisplayPort|USB-C DP Alt Mode,LENOVO-T24D-4V,https://psref.lenovo.com/syspool/Sys/PDF/ThinkVision/ThinkVision_T24D_4v_Monitor/ThinkVision_T24D_4v_Monitor_Spec.PDF,2026-09-22T14:16:14.019964+00:00,public_manufacturer_specification,Official Lenovo PSREF: 23.8-inch 1920x1080 at up to 120 Hz. USB-C video input; host power delivery up to 100 W.,2026-09-22
MON-L022,T24-4v,23.8,1920x1080,120,false,0,0,Lenovo,Lenovo T24-4v Monitor,monitor,piece,T24-4v|Lenovo T24-4v|MON-L022,HDMI|DisplayPort|VGA,LENOVO-T24-4V,https://psref.lenovo.com/syspool/Sys/PDF/ThinkVision/ThinkVision_T24_4v_Monitor/ThinkVision_T24_4v_Monitor_Spec.PDF,2026-09-22T14:16:14.019964+00:00,public_manufacturer_specification,Official Lenovo PSREF: 23.8-inch 1920x1080 at up to 120 Hz. No USB-C video input is listed.,2026-09-22
MON-L023,E22-40,21.5,1920x1080,100,false,0,0,Lenovo,Lenovo E22-40 Monitor,monitor,piece,E22-40|Lenovo E22-40|MON-L023,HDMI|DisplayPort|VGA,LENOVO-E22-40,https://psref.lenovo.com/syspool/Sys/PDF/ThinkVision/ThinkVision_E22_40_Monitor/ThinkVision_E22_40_Monitor_Spec.PDF,2026-09-22T14:16:14.019964+00:00,public_manufacturer_specification,Official Lenovo PSREF: 21.5-inch 1920x1080 at up to 100 Hz. No USB-C video input is listed.,2026-09-22
MON-L024,S22-4e,21.5,1920x1080,100,false,0,0,Lenovo,Lenovo S22-4e Monitor,monitor,piece,S22-4e|Lenovo S22-4e|MON-L024,HDMI|VGA,LENOVO-S22-4E,https://psref.lenovo.com/syspool/Sys/PDF/ThinkVision/ThinkVision_S22_4e_Monitor/ThinkVision_S22_4e_Monitor_Spec.PDF,2026-09-22T14:16:14.019964+00:00,public_manufacturer_specification,Official Lenovo PSREF: 21.5-inch 1920x1080 at up to 100 Hz. No USB-C video input is listed.,2026-09-22
MON-L025,L22-4e,21.5,1920x1080,100,false,0,0,Lenovo,Lenovo L22-4e Monitor,monitor,piece,L22-4e|Lenovo L22-4e|MON-L025,HDMI,LENOVO-L22-4E,https://psref.lenovo.com/syspool/Sys/PDF/Lenovo_Monitors/Lenovo_L22_4e_Monitor/Lenovo_L22_4e_Monitor_Spec.PDF,2026-09-22T14:16:14.019964+00:00,public_manufacturer_specification,Official Lenovo PSREF: 21.5-inch 1920x1080 at up to 100 Hz. No USB-C video input is listed.,2026-09-22
MON-L026,L27-41,27.0,1920x1080,100,false,0,0,Lenovo,Lenovo L27-41 Monitor,monitor,piece,L27-41|Lenovo L27-41|MON-L026,HDMI,LENOVO-L27-41,https://psref.lenovo.com/syspool/Sys/PDF/Lenovo_Monitors/Lenovo_L27_41_Monitor/Lenovo_L27_41_Monitor_Spec.PDF,2026-09-22T14:16:14.019964+00:00,public_manufacturer_specification,Official Lenovo PSREF: 27-inch 1920x1080 at up to 100 Hz. No USB-C video input is listed.,2026-09-22
MON-L027,S27-4e,27.0,1920x1080,100,false,0,0,Lenovo,Lenovo S27-4e Monitor,monitor,piece,S27-4e|Lenovo S27-4e|MON-L027,HDMI|VGA,LENOVO-S27-4E,https://psref.lenovo.com/syspool/Sys/PDF/ThinkVision/ThinkVision_S27_4e_Monitor/ThinkVision_S27_4e_Monitor_Spec.PDF,2026-09-22T14:16:14.019964+00:00,public_manufacturer_specification,Official Lenovo PSREF: 27-inch 1920x1080 at up to 100 Hz. No USB-C video input is listed.,2026-09-22
MON-L028,E27Q-40,27.0,2560x1440,100,false,0,0,Lenovo,Lenovo E27Q-40 Monitor,monitor,piece,E27Q-40|Lenovo E27Q-40|MON-L028,HDMI|DisplayPort,LENOVO-E27Q-40,https://psref.lenovo.com/syspool/Sys/PDF/ThinkVision/ThinkVision_E27Q_40_Monitor/ThinkVision_E27Q_40_Monitor_Spec.PDF,2026-09-22T14:16:14.019964+00:00,public_manufacturer_specification,Official Lenovo PSREF: 27-inch 2560x1440 at up to 100 Hz. No USB-C video input is listed.,2026-09-22
MON-L029,E27-40,27.0,1920x1080,100,false,0,0,Lenovo,Lenovo E27-40 Monitor,monitor,piece,E27-40|Lenovo E27-40|MON-L029,HDMI|DisplayPort|VGA,LENOVO-E27-40,https://psref.lenovo.com/syspool/Sys/PDF/ThinkVision/ThinkVision_E27_40_Monitor/ThinkVision_E27_40_Monitor_Spec.PDF,2026-09-22T14:16:14.019964+00:00,public_manufacturer_specification,Official Lenovo PSREF: 27-inch 1920x1080 at up to 100 Hz. No USB-C video input is listed.,2026-09-22
MON-L030,L27-4e,27.0,1920x1080,100,false,0,0,Lenovo,Lenovo L27-4e Monitor,monitor,piece,L27-4e|Lenovo L27-4e|MON-L030,HDMI,LENOVO-L27-4E,https://psref.lenovo.com/syspool/Sys/PDF/Lenovo_Monitors/Lenovo_L27_4e_Monitor/Lenovo_L27_4e_Monitor_Spec.PDF,2026-09-22T14:16:14.019964+00:00,public_manufacturer_specification,Official Lenovo PSREF: 27-inch 1920x1080 at up to 100 Hz. No USB-C video input is listed.,2026-09-22
MON-L031,T32UD-40,31.5,3840x2160,60,true,100,15,Lenovo,Lenovo T32UD-40 Monitor,monitor,piece,T32UD-40|Lenovo T32UD-40|MON-L031,HDMI|DisplayPort|USB-C DP Alt Mode,LENOVO-T32UD-40,https://psref.lenovo.com/syspool/Sys/PDF/ThinkVision/ThinkVision_T32UD_40_Monitor/ThinkVision_T32UD_40_Monitor_Spec.PDF,2026-09-22T14:16:14.019964+00:00,public_manufacturer_specification,Official Lenovo PSREF: 31.5-inch 3840x2160 at up to 60 Hz. USB-C video input; host power delivery up to 100 W.,2026-09-22
MON-L032,L24-41,23.8,1920x1080,100,false,0,0,Lenovo,Lenovo L24-41 Monitor,monitor,piece,L24-41|Lenovo L24-41|MON-L032,HDMI,LENOVO-L24-41,https://psref.lenovo.com/syspool/Sys/PDF/Lenovo_Monitors/Lenovo_L24_41_Monitor/Lenovo_L24_41_Monitor_Spec.PDF,2026-09-22T14:16:14.019964+00:00,public_manufacturer_specification,Official Lenovo PSREF: 23.8-inch 1920x1080 at up to 100 Hz. No USB-C video input is listed.,2026-09-22
MON-L033,T24D-40,23.8,1920x1080,120,true,100,15,Lenovo,Lenovo T24D-40 Monitor,monitor,piece,T24D-40|Lenovo T24D-40|MON-L033,HDMI|DisplayPort|USB-C DP Alt Mode,LENOVO-T24D-40,https://psref.lenovo.com/syspool/Sys/PDF/ThinkVision/ThinkVision_T24D_40_Monitor/ThinkVision_T24D_40_Monitor_Spec.PDF,2026-09-22T14:16:14.019964+00:00,public_manufacturer_specification,Official Lenovo PSREF: 23.8-inch 1920x1080 at up to 120 Hz. USB-C video input; host power delivery up to 100 W.,2026-09-22
MON-L034,P24QD-40,23.8,2560x1440,120,true,140,15,Lenovo,Lenovo P24QD-40 Monitor,monitor,piece,P24QD-40|Lenovo P24QD-40|MON-L034,HDMI|DisplayPort|USB-C DP Alt Mode,LENOVO-P24QD-40,https://psref.lenovo.com/syspool/Sys/PDF/ThinkVision/ThinkVision_P24QD_40_Monitor/ThinkVision_P24QD_40_Monitor_Spec.PDF,2026-09-22T14:16:14.019964+00:00,public_manufacturer_specification,Official Lenovo PSREF: 23.8-inch 2560x1440 at up to 120 Hz. USB-C video input; host power delivery up to 140 W.,2026-09-22
MON-L035,E24-40,23.8,1920x1080,100,false,0,0,Lenovo,Lenovo E24-40 Monitor,monitor,piece,E24-40|Lenovo E24-40|MON-L035,HDMI|DisplayPort|VGA,LENOVO-E24-40,https://psref.lenovo.com/syspool/Sys/PDF/ThinkVision/ThinkVision_E24_40_Monitor/ThinkVision_E24_40_Monitor_Spec.PDF,2026-09-22T14:16:14.019964+00:00,public_manufacturer_specification,Official Lenovo PSREF: 23.8-inch 1920x1080 at up to 100 Hz. No USB-C video input is listed.,2026-09-22
MON-L036,P24Q-40,23.8,2560x1440,120,false,0,15,Lenovo,Lenovo P24Q-40 Monitor,monitor,piece,P24Q-40|Lenovo P24Q-40|MON-L036,HDMI|DisplayPort,LENOVO-P24Q-40,https://psref.lenovo.com/syspool/Sys/PDF/ThinkVision/ThinkVision_P24Q_40_Monitor/ThinkVision_P24Q_40_Monitor_Spec.PDF,2026-09-22T14:16:14.019964+00:00,public_manufacturer_specification,Official Lenovo PSREF: 23.8-inch 2560x1440 at up to 120 Hz. USB-C is downstream/data only (15 W maximum recorded); it is not a host video input.,2026-09-22
MON-L037,L27qe,27.0,2560x1440,100,false,0,0,Lenovo,Lenovo L27qe Monitor,monitor,piece,L27qe|Lenovo L27qe|MON-L037,HDMI|DisplayPort,LENOVO-L27QE,https://psref.lenovo.com/syspool/Sys/PDF/Lenovo_Monitors/Lenovo_L27qe_Monitor/Lenovo_L27qe_Monitor_Spec.PDF,2026-09-22T14:16:14.019964+00:00,public_manufacturer_specification,Official Lenovo PSREF: 27-inch 2560x1440 at up to 100 Hz. No USB-C video input is listed.,2026-09-22
MON-L038,T27UD-40,27.0,3840x2160,60,true,100,15,Lenovo,Lenovo T27UD-40 Monitor,monitor,piece,T27UD-40|Lenovo T27UD-40|MON-L038,HDMI|DisplayPort|USB-C DP Alt Mode,LENOVO-T27UD-40,https://psref.lenovo.com/syspool/Sys/PDF/ThinkVision/ThinkVision_T27UD_40_Monitor/ThinkVision_T27UD_40_Monitor_Spec.PDF,2026-09-22T14:16:14.019964+00:00,public_manufacturer_specification,Official Lenovo PSREF: 27-inch 3840x2160 at up to 60 Hz. USB-C video input; host power delivery up to 100 W.,2026-09-22
MON-L039,P27QD-40,27.0,2560x1440,120,true,140,15,Lenovo,Lenovo P27QD-40 Monitor,monitor,piece,P27QD-40|Lenovo P27QD-40|MON-L039,HDMI|DisplayPort|USB-C DP Alt Mode,LENOVO-P27QD-40,https://psref.lenovo.com/syspool/Sys/PDF/ThinkVision/ThinkVision_P27QD_40_Monitor/ThinkVision_P27QD_40_Monitor_Spec.PDF,2026-09-22T14:16:14.019964+00:00,public_manufacturer_specification,Official Lenovo PSREF: 27-inch 2560x1440 at up to 120 Hz. USB-C video input; host power delivery up to 140 W.,2026-09-22
MON-L040,P34WD-40,34.0,3440x1440,120,true,140,15,Lenovo,Lenovo P34WD-40 Monitor,monitor,piece,P34WD-40|Lenovo P34WD-40|MON-L040,HDMI|DisplayPort|USB-C DP Alt Mode,LENOVO-P34WD-40,https://psref.lenovo.com/syspool/Sys/PDF/ThinkVision/ThinkVision_P34WD_40_Monitor/ThinkVision_P34WD_40_Monitor_Spec.PDF,2026-09-22T14:16:14.019964+00:00,public_manufacturer_specification,Official Lenovo PSREF: 34-inch 3440x1440 at up to 120 Hz. USB-C video input; host power delivery up to 140 W.,2026-09-22
MON-L041,T27QD-40,27.0,2560x1440,120,true,100,15,Lenovo,Lenovo T27QD-40 Monitor,monitor,piece,T27QD-40|Lenovo T27QD-40|MON-L041,HDMI|DisplayPort|USB-C DP Alt Mode,LENOVO-T27QD-40,https://psref.lenovo.com/syspool/Sys/PDF/ThinkVision/ThinkVision_T27QD_40_Monitor/ThinkVision_T27QD_40_Monitor_Spec.PDF,2026-09-22T14:16:14.019964+00:00,public_manufacturer_specification,Official Lenovo PSREF: 27-inch 2560x1440 at up to 120 Hz. USB-C video input; host power delivery up to 100 W.,2026-09-22
MON-L042,T34WD-40,34.0,3440x1440,120,true,100,15,Lenovo,Lenovo T34WD-40 Monitor,monitor,piece,T34WD-40|Lenovo T34WD-40|MON-L042,HDMI|DisplayPort|USB-C DP Alt Mode,LENOVO-T34WD-40,https://psref.lenovo.com/syspool/Sys/PDF/ThinkVision/ThinkVision_T34WD_40_Monitor/ThinkVision_T34WD_40_Monitor_Spec.PDF,2026-09-22T14:16:14.019964+00:00,public_manufacturer_specification,Official Lenovo PSREF: 34-inch 3440x1440 at up to 120 Hz. USB-C video input; host power delivery up to 100 W.,2026-09-22
MON-L043,C22-39,21.5,1920x1080,75,false,0,0,Lenovo,Lenovo C22-39 Monitor,monitor,piece,C22-39|Lenovo C22-39|MON-L043,HDMI|VGA,LENOVO-C22-39,https://psref.lenovo.com/syspool/Sys/PDF/Lenovo_Monitors/Lenovo_C22_39_Monitor/Lenovo_C22_39_Monitor_Spec.PDF,2026-09-22T14:16:14.019964+00:00,public_manufacturer_specification,Official Lenovo PSREF: 21.5-inch 1920x1080 at up to 75 Hz. No USB-C video input is listed.,2026-09-22
MON-L044,C20-39,19.5,1600x900,60,false,0,0,Lenovo,Lenovo C20-39 Monitor,monitor,piece,C20-39|Lenovo C20-39|MON-L044,HDMI|VGA,LENOVO-C20-39,https://psref.lenovo.com/syspool/Sys/PDF/Lenovo_Monitors/Lenovo_C20_39_Monitor/Lenovo_C20_39_Monitor_Spec.PDF,2026-09-22T14:16:14.019964+00:00,public_manufacturer_specification,Official Lenovo PSREF: 19.5-inch 1600x900 at up to 60 Hz. No USB-C video input is listed.,2026-09-22
MON-L045,S24-4e,23.8,1920x1080,100,false,0,0,Lenovo,Lenovo S24-4e Monitor,monitor,piece,S24-4e|Lenovo S24-4e|MON-L045,HDMI|VGA,LENOVO-S24-4E,https://psref.lenovo.com/syspool/Sys/PDF/ThinkVision/ThinkVision_S24_4e_Monitor/ThinkVision_S24_4e_Monitor_Spec.PDF,2026-09-22T14:16:14.019964+00:00,public_manufacturer_specification,Official Lenovo PSREF: 23.8-inch 1920x1080 at up to 100 Hz. No USB-C video input is listed.,2026-09-22
MON-L046,P27Q-40,27.0,2560x1440,120,false,0,15,Lenovo,Lenovo P27Q-40 Monitor,monitor,piece,P27Q-40|Lenovo P27Q-40|MON-L046,HDMI|DisplayPort,LENOVO-P27Q-40,https://psref.lenovo.com/syspool/Sys/PDF/ThinkVision/ThinkVision_P27Q_40_Monitor/ThinkVision_P27Q_40_Monitor_Spec.PDF,2026-09-22T14:16:14.019964+00:00,public_manufacturer_specification,Official Lenovo PSREF: 27-inch 2560x1440 at up to 120 Hz. USB-C is downstream/data only (15 W maximum recorded); it is not a host video input.,2026-09-22
MON-L047,T27Q-40,27.0,2560x1440,120,false,0,15,Lenovo,Lenovo T27Q-40 Monitor,monitor,piece,T27Q-40|Lenovo T27Q-40|MON-L047,HDMI|DisplayPort,LENOVO-T27Q-40,https://psref.lenovo.com/syspool/Sys/PDF/ThinkVision/ThinkVision_T27Q_40_Monitor/ThinkVision_T27Q_40_Monitor_Spec.PDF,2026-09-22T14:16:14.019964+00:00,public_manufacturer_specification,Official Lenovo PSREF: 27-inch 2560x1440 at up to 120 Hz. USB-C is downstream/data only (15 W maximum recorded); it is not a host video input.,2026-09-22
MON-L048,L24-4e,23.8,1920x1080,100,false,0,0,Lenovo,Lenovo L24-4e Monitor,monitor,piece,L24-4e|Lenovo L24-4e|MON-L048,HDMI,LENOVO-L24-4E,https://psref.lenovo.com/syspool/Sys/PDF/Lenovo_Monitors/Lenovo_L24_4e_Monitor/Lenovo_L24_4e_Monitor_Spec.PDF,2026-09-22T14:16:14.019964+00:00,public_manufacturer_specification,Official Lenovo PSREF: 23.8-inch 1920x1080 at up to 100 Hz. No USB-C video input is listed.,2026-09-22
MON-L049,T27-40,27.0,1920x1080,120,false,0,15,Lenovo,Lenovo T27-40 Monitor,monitor,piece,T27-40|Lenovo T27-40|MON-L049,HDMI|DisplayPort|VGA,LENOVO-T27-40,https://psref.lenovo.com/syspool/Sys/PDF/ThinkVision/ThinkVision_T27_40_Monitor/ThinkVision_T27_40_Monitor_Spec.PDF,2026-09-22T14:16:14.019964+00:00,public_manufacturer_specification,Official Lenovo PSREF: 27-inch 1920x1080 at up to 120 Hz. USB-C is downstream/data only (15 W maximum recorded); it is not a host video input.,2026-09-22
MON-L050,T24-40,23.8,1920x1080,120,false,0,15,Lenovo,Lenovo T24-40 Monitor,monitor,piece,T24-40|Lenovo T24-40|MON-L050,HDMI|DisplayPort|VGA,LENOVO-T24-40,https://psref.lenovo.com/syspool/Sys/PDF/ThinkVision/ThinkVision_T24_40_Monitor/ThinkVision_T24_40_Monitor_Spec.PDF,2026-09-22T14:16:14.019964+00:00,public_manufacturer_specification,Official Lenovo PSREF: 23.8-inch 1920x1080 at up to 120 Hz. USB-C is downstream/data only (15 W maximum recorded); it is not a host video input.,2026-09-22
